{"cameraMode":{"drawMode":2,"name":"Shaded Wireframe","section":"Shading Mode"},"sceneLighting":false,"audioPlay":false,"sceneViewState":{"showFog":true,"showMaterialUpdate":false,"showSkybox":true,"showFlares":true,"showImageEffects":true,"showParticleSystems":true},"in2DMode":false,"pivot":{"x":0.9439201354980469,"y":0.1273595690727234,"z":1.2584120035171509},"rotation":{"x":0.18049737811088563,"y":0.009444069117307663,"z":-0.0017332585994154215,"w":0.9835321307182312},"size":0.1829182356595993,"orthographic":false}