{"cameraMode":{"drawMode":0,"name":"Shaded","section":"Shading Mode"},"sceneLighting":false,"audioPlay":false,"sceneViewState":{"showFog":true,"showMaterialUpdate":false,"showSkybox":true,"showFlares":true,"showImageEffects":true,"showParticleSystems":true},"in2DMode":false,"pivot":{"x":5.629379749298096,"y":0.45670944452285769,"z":12.83889389038086},"rotation":{"x":-0.17286980152130128,"y":0.43264415860176089,"z":-0.08491426706314087,"w":-0.8807557225227356},"size":3.514752149581909,"orthographic":false}